Date,Open,High,Low,Close,Adj Close,Volume,Dividends,Stock Splits
2018-1-2,58.599998474121094,59.5,58.5255012512207,59.45050048828125,59.45050048828125,53890000,,
2018-1-3,59.415000915527344,60.27450180053711,59.415000915527344,60.209999084472656,60.209999084472656,62176000,,
2018-1-4,60.25,60.79349899291992,60.233001708984375,60.47949981689453,60.47949981689453,60442000,,
2018-1-5,60.8754997253418,61.457000732421875,60.5,61.457000732421875,61.457000732421875,70894000,,
2018-1-8,61.79999923706055,62.65399932861328,61.60150146484375,62.34349822998047,62.34349822998047,85590000,,
2018-1-9,62.845001220703125,62.96649932861328,62.0880012512207,62.6349983215332,62.6349983215332,73226000,,
2018-1-10,62.25749969482422,62.71649932861328,61.86149978637695,62.71649932861328,62.71649932861328,53720000,,
2018-1-11,62.98699951171875,63.8385009765625,62.823001861572266,63.83399963378906,63.83399963378906,62500000,,
2018-1-12,63.669498443603516,65.28800201416016,63.669498443603516,65.26000213623047,65.26000213623047,108874000,,
2018-1-16,66.1500015258789,66.99700164794922,64.61499786376953,65.24299621582031,65.24299621582031,144414000,,
2018-1-17,65.61199951171875,65.69999694824219,64.04399871826172,64.75,64.75,105076000,,
2018-1-18,64.69750213623047,65.2300033569336,64.20099639892578,64.66600036621094,64.66600036621094,80538000,,
2018-1-19,65.5999984741211,65.6500015258789,64.64949798583984,64.72899627685547,64.72899627685547,91570000,,
2018-1-22,64.8584976196289,66.37249755859375,64.83300018310547,66.3655014038086,66.3655014038086,82802000,,
2018-1-23,66.90450286865234,68.24500274658203,66.86699676513672,68.12699890136719,68.12699890136719,103386000,,
2018-1-24,68.74099731445312,69.40799713134766,66.9000015258789,67.87550354003906,67.87550354003906,136150000,,
2018-1-25,68.4000015258789,68.91699981689453,67.88099670410156,68.89749908447266,68.89749908447266,95060000,,
2018-1-26,69.60050201416016,70.12650299072266,69.04550170898438,70.10250091552734,70.10250091552734,97146000,,
2018-1-29,70.45899963378906,71.56950378417969,70.02200317382812,70.88400268554688,70.88400268554688,114038000,,
2018-1-30,70.15850067138672,71.9625015258789,69.5999984741211,71.89099884033203,71.89099884033203,117438000,,
2018-1-31,72.56500244140625,73.62899780273438,72.50199890136719,72.54450225830078,72.54450225830078,128494000,,
2018-2-1,72.25,72.99400329589844,69.25700378417969,69.5,69.5,182276000,,
2018-2-2,73.86949920654297,74.9000015258789,70.69999694824219,71.49749755859375,71.49749755859375,222514000,,
2018-2-5,70.13099670410156,72.9489974975586,66.03600311279297,69.5,69.5,229900000,,
2018-2-6,68.072998046875,72.19950103759766,67.5895004272461,72.14199829101562,72.14199829101562,221336000,,
2018-2-7,72.44999694824219,73.04949951171875,70.75749969482422,70.83899688720703,70.83899688720703,143254000,,
2018-2-8,71.48400115966797,71.6875,67.49700164794922,67.5250015258789,67.5250015258789,171572000,,
2018-2-9,68.67449951171875,69.17500305175781,63.29650115966797,66.9800033569336,66.9800033569336,282830000,,
2018-2-12,68.2334976196289,69.69049835205078,67.20050048828125,69.3115005493164,69.3115005493164,134778000,,
2018-2-13,69.29650115966797,70.98600006103516,69.17649841308594,70.72550201416016,70.72550201416016,118358000,,
2018-2-14,70.3125,72.60299682617188,70.16799926757812,72.55249786376953,72.55249786376953,119184000,,
2018-2-15,73.34449768066406,73.4469985961914,71.84200286865234,73.08799743652344,73.08799743652344,113054000,,
2018-2-16,72.86849975585938,73.29000091552734,72.3280029296875,72.43450164794922,72.43450164794922,89452000,,
2018-2-20,72.32450103759766,74.4384994506836,72.32450103759766,73.4175033569336,73.4175033569336,129984000,,
2018-2-21,74.25,75.17449951171875,73.94599914550781,74.14600372314453,74.14600372314453,126088000,,
2018-2-22,74.76799774169922,75.12699890136719,73.78800201416016,74.26699829101562,74.26699829101562,97162000,,
2018-2-23,74.76699829101562,75,74.32499694824219,75,75,88362000,,
2018-2-26,75.45999908447266,76.14199829101562,75.3499984741211,76.09750366210938,76.09750366210938,99100000,,
2018-2-27,76.2249984741211,76.33899688720703,75.3604965209961,75.5989990234375,75.5989990234375,96176000,,
2018-2-28,75.97550201416016,76.43499755859375,75.5999984741211,75.62249755859375,75.62249755859375,90300000,,
2018-3-1,75.68000030517578,75.92449951171875,73.25,74.67250061035156,74.67250061035156,136704000,,
2018-3-2,73.45500183105469,75.05249786376953,72.75050354003906,75.01249694824219,75.01249694824219,131752000,,
2018-3-5,74.71199798583984,76.26899719238281,74.05000305175781,76.18049621582031,76.18049621582031,104678000,,
2018-3-6,76.66000366210938,77.10649871826172,76.4000015258789,76.88200378417969,76.88200378417969,91234000,,
2018-3-7,76.32599639892578,77.29499816894531,76.12550354003906,77.25,77.25,83482000,,
2018-3-8,77.5,77.74400329589844,77.26249694824219,77.59300231933594,77.59300231933594,77252000,,
2018-3-9,78.17500305175781,78.9469985961914,77.9540023803711,78.94450378417969,78.94450378417969,90686000,,
2018-3-12,79.62999725341797,80.2665023803711,79.33499908447266,79.91950225830078,79.91950225830078,103484000,,
2018-3-13,80.7979965209961,80.87699890136719,78.90049743652344,79.40899658203125,79.40899658203125,130638000,,
2018-3-14,79.8499984741211,80.3219985961914,79.54450225830078,79.55000305175781,79.55000305175781,85188000,,
2018-3-15,79.75,79.84549713134766,78.90550231933594,79.11599731445312,79.11599731445312,81394000,,
2018-3-16,79.17250061035156,79.47200012207031,78.375,78.58399963378906,78.58399963378906,108500000,,
2018-3-19,77.72650146484375,78.08300018310547,76.26750183105469,77.24649810791016,77.24649810791016,131616000,,
2018-3-20,77.51699829101562,79.3499984741211,77.27050018310547,79.32550048828125,79.32550048828125,91632000,,
2018-3-21,79.32250213623047,79.5,78.15850067138672,79.09300231933594,79.09300231933594,95016000,,
2018-3-22,78.27349853515625,78.69249725341797,77.12000274658203,77.24600219726562,77.24600219726562,126412000,,
2018-3-23,76.95050048828125,77.45099639892578,74.76799774169922,74.77799987792969,74.77799987792969,160120000,,
2018-3-26,76.5,77.84950256347656,74.9625015258789,77.79299926757812,77.79299926757812,112494000,,
2018-3-27,78.62000274658203,78.79850006103516,74.11599731445312,74.85250091552734,74.85250091552734,139992000,,
2018-3-28,72.3499984741211,72.79499816894531,69.30850219726562,71.57099914550781,71.57099914550781,274106000,,
2018-3-29,70.30000305175781,72.77349853515625,68.26000213623047,72.36699676513672,72.36699676513672,251622000,,
2018-4-2,70.88099670410156,71.06800079345703,67.75,68.59950256347656,68.59950256347656,209272000,,
2018-4-3,69.56900024414062,70.69999694824219,67.7665023803711,69.60250091552734,69.60250091552734,204624000,,
2018-4-4,67.91200256347656,70.76950073242188,67.64399719238281,70.52850341796875,70.52850341796875,139646000,,
2018-4-5,72.09950256347656,72.97799682617188,71.35350036621094,72.5875015258789,72.5875015258789,128270000,,
2018-4-6,71.49849700927734,72.625,70.01300048828125,70.2614974975586,70.2614974975586,117646000,,
2018-4-9,71.25150299072266,71.92400360107422,70.12850189208984,70.30400085449219,70.30400085449219,84164000,,
2018-4-10,71.59950256347656,71.91899871826172,70.78500366210938,71.81099700927734,71.81099700927734,85082000,,
2018-4-11,71.97200012207031,72.43900299072266,71.24449920654297,71.35250091552734,71.35250091552734,71650000,,
2018-4-12,71.9749984741211,72.60600280761719,71.75299835205078,72.42500305175781,72.42500305175781,62700000,,
2018-4-13,72.45700073242188,72.98899841308594,71.22599792480469,71.53949737548828,71.53949737548828,73706000,,
2018-4-16,72.25,72.3499984741211,71.3740005493164,72.07499694824219,72.07499694824219,56172000,,
2018-4-17,73.11499786376953,75.3594970703125,72.85099792480469,75.19149780273438,75.19149780273438,102288000,,
2018-4-18,75.73249816894531,76.69000244140625,75.20549774169922,76.39199829101562,76.39199829101562,104550000,,
2018-4-19,77.16100311279297,78.4260025024414,76.9530029296875,77.84549713134766,77.84549713134766,130474000,,
2018-4-20,78.05999755859375,78.05999755859375,75.80449676513672,76.37449645996094,76.37449645996094,110832000,,
2018-4-23,77.33450317382812,77.4000015258789,75.17050170898438,75.89299774169922,75.89299774169922,89308000,,
2018-4-24,76.79000091552734,76.9749984741211,72.42250061035156,73.00450134277344,73.00450134277344,149894000,,
2018-4-25,72.9000015258789,73.49949645996094,70.7509994506836,73.00849914550781,73.00849914550781,131746000,,
2018-4-26,74.25050354003906,76.47100067138672,73.92500305175781,75.89800262451172,75.89800262451172,176022000,,
2018-4-27,81.70050048828125,81.90499877929688,78.36949920654297,78.63099670410156,78.63099670410156,261064000,,
2018-4-30,79.125,79.80000305175781,78.0469970703125,78.30650329589844,78.30650329589844,109282000,,
2018-5-1,78.16100311279297,79.25,77.60900115966797,79.11299896240234,79.11299896240234,91442000,,
2018-5-2,79.04900360107422,79.42500305175781,78.31800079345703,78.48400115966797,78.48400115966797,87206000,,
2018-5-3,78.00050354003906,78.73999786376953,77.3010025024414,78.60399627685547,78.60399627685547,85038000,,
2018-5-4,78.12249755859375,79.24500274658203,78.1094970703125,79.04750061035156,79.04750061035156,68872000,,
2018-5-7,79.46700286865234,80.34750366210938,79.3915023803711,80.00700378417969,80.00700378417969,76038000,,
2018-5-8,79.75,79.84400177001953,79.12550354003906,79.61949920654297,79.61949920654297,61358000,,
2018-5-9,80,80.4000015258789,79.5999984741211,80.4000015258789,80.4000015258789,72746000,,
2018-5-10,80.42400360107422,80.77999877929688,80.1719970703125,80.4540023803711,80.4540023803711,56350000,,
2018-5-11,80.54949951171875,80.55500030517578,79.89450073242188,80.14550018310547,80.14550018310547,45278000,,
2018-5-14,80.19999694824219,80.55899810791016,80.00250244140625,80.0770034790039,80.0770034790039,50190000,,
2018-5-15,79.38999938964844,79.38999938964844,78.26100158691406,78.80599975585938,78.80599975585938,101550000,,
2018-5-16,78.875,79.72149658203125,78.83350372314453,79.36399841308594,79.36399841308594,51412000,,
2018-5-17,79.02799987792969,79.7020034790039,78.6500015258789,79.08799743652344,79.08799743652344,42952000,,
2018-5-18,79.06649780273438,79.17949676513672,78.6050033569336,78.71849822998047,78.71849822998047,52852000,,
2018-5-21,79.25,79.60250091552734,78.75,79.27300262451172,79.27300262451172,58504000,,
2018-5-22,79.49449920654297,79.49449920654297,78.76249694824219,79.06999969482422,79.06999969482422,42312000,,
2018-5-23,78.55249786376953,80.09300231933594,78.31700134277344,80.09300231933594,80.09300231933594,67238000,,
2018-5-24,79.90149688720703,80.41200256347656,79.41899871826172,80.15350341796875,80.15350341796875,68600000,,
2018-5-25,80.1500015258789,80.70600128173828,80.02249908447266,80.50749969482422,80.50749969482422,53968000,,
2018-5-29,80.0354995727539,81.0895004272461,80.00749969482422,80.64350128173828,80.64350128173828,76930000,,
2018-5-30,80.90499877929688,81.30000305175781,80.64649963378906,81.24449920654297,81.24449920654297,58148000,,
2018-5-31,81.1500015258789,81.75,81.06749725341797,81.48100280761719,81.48100280761719,63326000,,
2018-6-1,81.85150146484375,82.33650207519531,81.75450134277344,82.0770034790039,82.0770034790039,66268000,,
2018-6-4,82.44499969482422,83.28399658203125,82.27449798583984,83.26349639892578,83.26349639892578,63754000,,
2018-6-5,83.64949798583984,84.94999694824219,83.50299835205078,84.81749725341797,84.81749725341797,95644000,,
2018-6-6,85.22550201416016,85.7249984741211,84.32350158691406,84.7874984741211,84.7874984741211,109464000,,
2018-6-7,84.9280014038086,84.99500274658203,83.80549621582031,84.46499633789062,84.46499633789062,75314000,,
2018-6-8,84.05599975585938,84.47200012207031,83.65049743652344,84.19950103759766,84.19950103759766,59102000,,
2018-6-11,84.07550048828125,84.71199798583984,84.02950286865234,84.45600128173828,84.45600128173828,46710000,,
2018-6-12,84.6500015258789,84.97550201416016,84.57599639892578,84.9375,84.9375,45184000,,
2018-6-13,85.1405029296875,85.6875,85.00599670410156,85.24299621582031,85.24299621582031,66550000,,
2018-6-14,85.67400360107422,86.23999786376953,85.44349670410156,86.19300079345703,86.19300079345703,63488000,,
2018-6-15,85.69999694824219,86.04350280761719,85.4260025024414,85.79850006103516,85.79850006103516,95552000,,
2018-6-18,85.31300354003906,86.33699798583984,85.12799835205078,86.18949890136719,86.18949890136719,62154000,,
2018-6-19,85.4520034790039,86.80549621582031,85.01950073242188,86.73899841308594,86.73899841308594,85802000,,
2018-6-20,87.125,88.14649963378906,87.06800079345703,87.50399780273438,87.50399780273438,86652000,,
2018-6-21,88,88.15499877929688,85.87799835205078,86.51100158691406,86.51100158691406,98822000,,
2018-6-22,87.13099670410156,87.1500015258789,85.59500122070312,85.78350067138672,85.78350067138672,81502000,,
2018-6-25,85.12550354003906,85.25,82.31549835205078,83.15750122070312,83.15750122070312,150224000,,
2018-6-26,83.61849975585938,85.07849884033203,83.16699981689453,84.55449676513672,84.55449676513672,87732000,,
2018-6-27,85.40550231933594,85.59750366210938,83,83.02549743652344,83.02549743652344,97444000,,
2018-6-28,83.62699890136719,85.2750015258789,83.05850219726562,85.07250213623047,85.07250213623047,90594000,,
2018-6-29,85.8499984741211,86.17050170898438,84.71600341796875,84.98999786376953,84.98999786376953,90870000,,
2018-7-2,84.13500213623047,85.69450378417969,83.90299987792969,85.68900299072266,85.68900299072266,63714000,,
2018-7-3,86.197998046875,86.25,84.6240005493164,84.697998046875,84.697998046875,43546000,,
2018-7-5,85.26899719238281,85.53450012207031,84.10749816894531,84.98650360107422,84.98650360107422,59662000,,
2018-7-6,84.80000305175781,85.76349639892578,84.58350372314453,85.53150177001953,85.53150177001953,53006000,,
2018-7-9,86.20249938964844,86.97799682617188,85.8115005493164,86.95099639892578,86.95099639892578,60240000,,
2018-7-10,86.92649841308594,87.5,86.55000305175781,87.15350341796875,87.15350341796875,60058000,,
2018-7-11,86.89949798583984,87.8479995727539,86.69999694824219,87.75,87.75,64196000,,
2018-7-12,88.22550201416016,89.9000015258789,88.10900115966797,89.83100128173828,89.83100128173828,90654000,,
2018-7-13,90.19650268554688,90.76499938964844,89.7614974975586,90.65149688720703,90.65149688720703,87664000,,
2018-7-16,91.09750366210938,92.09750366210938,90.72250366210938,91.12449645996094,91.12449645996094,109324000,,
2018-7-17,90.5780029296875,92.58450317382812,89.86900329589844,92.19650268554688,92.19650268554688,113658000,,
2018-7-18,92.4000015258789,92.94400024414062,91.5634994506836,92.14600372314453,92.14600372314453,97238000,,
2018-7-19,91.4729995727539,92.05000305175781,90.5634994506836,90.64849853515625,90.64849853515625,93538000,,
2018-7-20,91.25050354003906,91.74199676513672,90.50299835205078,90.68499755859375,90.68499755859375,77688000,,
2018-7-23,90.6104965209961,90.94999694824219,88.49949645996094,90.0999984741211,90.0999984741211,77770000,,
2018-7-24,91.45050048828125,92,90.46900177001953,91.46199798583984,91.46199798583984,85574000,,
2018-7-25,91.46499633789062,93.19200134277344,91.13200378417969,93.18049621582031,93.18049621582031,74764000,,
2018-7-26,91.94999694824219,92.23400115966797,90.2249984741211,90.4000015258789,90.4000015258789,198488000,,
2018-7-27,93.80249786376953,94.00250244140625,90.32649993896484,90.8635025024414,90.8635025024414,193620000,,
2018-7-30,91.36650085449219,91.4749984741211,88.3010025024414,88.96099853515625,88.96099853515625,131246000,,
2018-7-31,89.32450103759766,90.09149932861328,86.96600341796875,88.87200164794922,88.87200164794922,114774000,,
2018-8-1,89.19999694824219,89.9219970703125,88.8010025024414,89.8584976196289,89.8584976196289,83062000,,
2018-8-2,89.4384994506836,91.8280029296875,89.30000305175781,91.71649932861328,91.71649932861328,87094000,,
2018-8-3,91.88700103759766,92.05000305175781,91.07499694824219,91.16449737548828,91.16449737548828,69210000,,
2018-8-6,91.29049682617188,92.38849639892578,90.94599914550781,92.38749694824219,92.38749694824219,67836000,,
2018-8-7,92.72650146484375,93.48600006103516,92.3134994506836,93.1240005493164,93.1240005493164,67550000,,
2018-8-8,93.05000305175781,94.57550048828125,92.7249984741211,94.32599639892578,94.32599639892578,79260000,,
2018-8-9,94.0999984741211,95.72850036621094,93.8740005493164,94.9260025024414,94.9260025024414,97208000,,
2018-8-10,94.42549896240234,94.9749984741211,93.9104995727539,94.31500244140625,94.31500244140625,72798000,,
2018-8-13,94.92500305175781,96.25,94.68350219726562,94.80999755859375,94.80999755859375,110630000,,
2018-8-14,95.96949768066406,96.05049896240234,95,95.98249816894531,95.98249816894531,79722000,,
2018-8-15,95.47750091552734,95.81050109863281,93.489501953125,94.13099670410156,94.13099670410156,154014000,,
2018-8-16,95.1969985961914,95.25,94.17749786376953,94.32599639892578,94.32599639892578,79142000,,
2018-8-17,94.29000091552734,94.4000015258789,92.77749633789062,94.11100006103516,94.11100006103516,82086000,,
2018-8-20,94.52850341796875,94.5875015258789,93.3030014038086,93.83550262451172,93.83550262451172,57240000,,
2018-8-21,94,94.88749694824219,93.72049713134766,94.1709976196289,94.1709976196289,62112000,,
2018-8-22,93.83200073242188,95.29000091552734,93.83200073242188,95.24500274658203,95.24500274658203,61610000,,
2018-8-23,95.3584976196289,95.9749984741211,95.03800201416016,95.1449966430664,95.1449966430664,71260000,,
2018-8-24,95.52549743652344,95.80049896240234,95.12699890136719,95.26950073242188,95.26950073242188,56018000,,
2018-8-27,95.75,96.38500213623047,95.46399688720703,96.38400268554688,96.38400268554688,71380000,,
2018-8-28,96.8864974975586,97.08899688720703,96.44100189208984,96.64099884033203,96.64099884033203,62014000,,
2018-8-29,97.67250061035156,99.93450164794922,97.4469985961914,99.90499877929688,99.90499877929688,130636000,,
2018-8-30,99.87100219726562,101.27850341796875,99.34500122070312,100.11900329589844,100.11900329589844,145546000,,
2018-8-31,100.3499984741211,101.11900329589844,100.23699951171875,100.635498046875,100.635498046875,84088000,,
2018-9-4,101.32499694824219,102.5250015258789,100.6500015258789,101.97550201416016,101.97550201416016,114422000,,
2018-9-5,101.90550231933594,102.01899719238281,99.49449920654297,99.74099731445312,99.74099731445312,164412000,,
2018-9-6,100.32550048828125,100.375,96.760498046875,97.91549682617188,97.91549682617188,149774000,,
2018-9-7,96.93550109863281,98.76000213623047,96.86750030517578,97.60350036621094,97.60350036621094,97852000,,
2018-9-10,98.55000305175781,98.6520004272461,96.57599639892578,96.95050048828125,96.95050048828125,90896000,,
2018-9-11,96.41349792480469,99.44400024414062,95.8499984741211,99.35749816894531,99.35749816894531,100672000,,
2018-9-12,99.69999694824219,100,98.12200164794922,99.5,99.5,88280000,,
2018-9-13,100,100.43800354003906,99.10150146484375,99.49349975585938,99.49349975585938,72430000,,
2018-9-14,99.64649963378906,99.68250274658203,97.96099853515625,98.5094985961914,98.5094985961914,72840000,,
2018-9-17,97.73650360107422,97.84100341796875,94.37049865722656,95.40149688720703,95.40149688720703,141004000,,
2018-9-18,95.93250274658203,97.91000366210938,95.77200317382812,97.05249786376953,97.05249786376953,85374000,,
2018-9-19,97.0250015258789,97.04149627685547,95.24500274658203,96.32099914550781,96.32099914550781,81136000,,
2018-9-20,96.92900085449219,97.75,96.61250305175781,97.21499633789062,97.21499633789062,63098000,,
2018-9-21,97.71099853515625,97.8655014038086,95.5250015258789,95.75050354003906,95.75050354003906,137118000,,
2018-9-24,95.18949890136719,96.84400177001953,93.25,96.71800231933594,96.71800231933594,84274000,,
2018-9-25,97.1449966430664,98.79550170898438,96.94249725341797,98.72750091552734,98.72750091552734,90768000,,
2018-9-26,98.42500305175781,99.76249694824219,98.07599639892578,98.74250030517578,98.74250030517578,86270000,,
2018-9-27,99.66200256347656,100.80799865722656,99.42900085449219,100.64900207519531,100.64900207519531,86588000,,
2018-9-28,100.22049713134766,101.32599639892578,99.822998046875,100.1500015258789,100.1500015258789,81702000,,
2018-10-1,101.09950256347656,101.65950012207031,100.18000030517578,100.21800231933594,100.21800231933594,69210000,,
2018-10-2,99.99949645996094,100.66950225830078,98.28849792480469,98.56549835205078,98.56549835205078,108014000,,
2018-10-3,99.08499908447266,99.48500061035156,97.4905014038086,97.63800048828125,97.63800048828125,105062000,,
2018-10-4,97.44999694824219,97.80000305175781,94.82849884033203,95.47100067138672,95.47100067138672,145140000,,
2018-10-5,95.89949798583984,96.4540023803711,93.1415023803711,94.48249816894531,94.48249816894531,136446000,,
2018-10-8,93.69999694824219,95.0999984741211,91.53299713134766,93.22100067138672,93.22100067138672,147864000,,
2018-10-9,92.99949645996094,94.83399963378906,92.61599731445312,93.51599884033203,93.51599884033203,95458000,,
2018-10-10,92.89450073242188,92.9280014038086,87.72049713134766,87.76249694824219,87.76249694824219,219778000,,
2018-10-11,86.19999694824219,87.7699966430664,84.25499725341797,85.96800231933594,85.96800231933594,278718000,,
2018-10-12,90.4000015258789,90.44750213623047,87.12650299072266,89.43049621582031,89.43049621582031,188892000,,
2018-10-15,89.75,89.75250244140625,86.71150207519531,88.04750061035156,88.04750061035156,128744000,,
2018-10-16,89.17500305175781,91.19400024414062,88.07749938964844,90.99800109863281,90.99800109863281,117198000,,
2018-10-17,92.1395034790039,92.25,90.3499984741211,91.58650207519531,91.58650207519531,105904000,,
2018-10-18,91.07450103759766,91.50749969482422,88.39350128173828,88.53600311279297,88.53600311279297,117480000,,
2018-10-19,89.25800323486328,90.45500183105469,87.6500015258789,88.20149993896484,88.20149993896484,118144000,,
2018-10-22,89.19999694824219,90.4749984741211,87.80000305175781,89.46499633789062,89.46499633789062,90000000,,
2018-10-23,87.11199951171875,88.81700134277344,85.69999694824219,88.43499755859375,88.43499755859375,134478000,,
2018-10-24,88.68499755859375,88.885498046875,82.8280029296875,83.20999908447266,83.20999908447266,138568000,,
2018-10-25,85.16699981689453,89.7405014038086,84.60050201416016,89.1084976196289,89.1084976196289,205714000,,
2018-10-26,82.47949981689453,84.9229965209961,80.1500015258789,82.1405029296875,82.1405029296875,299276000,,
2018-10-29,83,83.28700256347656,74.75,76.94400024414062,76.94400024414062,277322000,,
2018-10-30,74.30799865722656,77.04949951171875,73.81800079345703,76.52100372314453,76.52100372314453,249202000,,
2018-10-31,78.49949645996094,81.19550323486328,78.25450134277344,79.90049743652344,79.90049743652344,187804000,,
2018-11-1,81.17649841308594,83.52249908447266,79.9219970703125,83.27649688720703,83.27649688720703,162710000,,
2018-11-2,83.92949676513672,84.87200164794922,82.59149932861328,83.27649688720703,83.27649688720703,139110000,,
2018-11-5,82.87850189208984,82.90450286865234,79.81800079345703,81.38999938964844,81.38999938964844,112494000,,
2018-11-6,80.9175033569336,83.25,80.72750091552734,82.1405029296875,82.1405029296875,85148000,,
2018-11-7,83.6500015258789,87.96150207519531,83.2040023803711,87.77449798583984,87.77449798583984,163844000,,
2018-11-8,87.75,89.19999694824219,86.25550079345703,87.74549865722656,87.74549865722656,130698000,,
2018-11-9,86.625,87.19599914550781,85.09349822998047,85.62149810791016,85.62149810791016,118044000,,
2018-11-12,84.91200256347656,85.42749786376953,81.50050354003906,81.84249877929688,81.84249877929688,136124000,,
2018-11-13,82.4645004272461,83.85299682617188,80.6875,81.55850219726562,81.55850219726562,118666000,,
2018-11-14,82.81600189208984,83.6500015258789,79.85350036621094,79.95050048828125,79.95050048828125,129738000,,
2018-11-15,79.05049896240234,81.24099731445312,77.32550048828125,80.97200012207031,80.97200012207031,168546000,,
2018-11-16,79.375,80.7239990234375,78.65599822998047,79.67050170898438,79.67050170898438,121322000,,
2018-11-19,78.85050201416016,79.05950164794922,75.16799926757812,75.614501953125,75.614501953125,155800000,,
2018-11-20,71.875,76.73750305175781,71,74.77300262451172,74.77300262451172,217576000,,
2018-11-21,77.14949798583984,77.5,75.75,75.83650207519531,75.83650207519531,114336000,,
2018-11-23,75.8499984741211,76.80999755859375,75.09049987792969,75.10299682617188,75.10299682617188,54152000,,
2018-11-26,76.94999694824219,79.2405014038086,76.21099853515625,79.06649780273438,79.06649780273438,125154000,,
2018-11-27,78.79949951171875,79.88249969482422,77.90049743652344,79.07099914550781,79.07099914550781,115664000,,
2018-11-28,80.69599914550781,84.07250213623047,80.06099700927734,83.88749694824219,83.88749694824219,169174000,,
2018-11-29,83.74949645996094,84.49949645996094,82.61650085449219,83.67849731445312,83.67849731445312,132264000,,
2018-11-30,83.9749984741211,84.80000305175781,83.32499694824219,84.50849914550781,84.50849914550781,115236000,,
2018-12-3,88.4729995727539,88.91699981689453,86.5,88.61799621582031,88.61799621582031,137246000,,
2018-12-4,87.80000305175781,88.51699829101562,83.25,83.41999816894531,83.41999816894531,173890000,,
2018-12-6,80.74349975585938,85.05249786376953,80.49250030517578,84.95950317382812,84.95950317382812,175788000,,
2018-12-7,85.25350189208984,85.94650268554688,81.27300262451172,81.45649719238281,81.45649719238281,151522000,,
2018-12-10,81.19200134277344,82.89949798583984,79.54350280761719,82.05149841308594,82.05149841308594,149896000,,
2018-12-11,83.9000015258789,83.97350311279297,80.9800033569336,82.16200256347656,82.16200256347656,124894000,,
2018-12-12,83.44999694824219,85.24949645996094,83.01349639892578,83.177001953125,83.177001953125,131960000,,
2018-12-13,84,84.60600280761719,82.07499694824219,82.91899871826172,82.91899871826172,105426000,,
2018-12-14,81.9000015258789,82.12850189208984,79.25,79.59549713134766,79.59549713134766,127344000,,
2018-12-17,78.30000305175781,78.80650329589844,75.25050354003906,76.04550170898438,76.04550170898438,176596000,,
2018-12-18,77,78.37750244140625,76.15049743652344,77.5739974975586,77.5739974975586,130460000,,
2018-12-19,77.15249633789062,79.22650146484375,74.15899658203125,74.75399780273438,74.75399780273438,175844000,,
2018-12-20,74.19999694824219,75.4749984741211,71.6344985961914,73.04149627685547,73.04149627685547,199836000,,
2018-12-21,73.24949645996094,74,68.197998046875,68.87249755859375,68.87249755859375,272806000,,
2018-12-24,67.30000305175781,69.80149841308594,65.3499984741211,67.197998046875,67.197998046875,144400000,,
2018-12-26,68.44450378417969,73.65799713134766,68.15049743652344,73.54499816894531,73.54499816894531,208236000,,
2018-12-27,72.70999908447266,73.44999694824219,69.5155029296875,73.08200073242188,73.08200073242188,194440000,,
2018-12-28,73.6675033569336,75.67350006103516,72.44999694824219,73.9010009765625,73.9010009765625,176580000,,
2018-12-31,75.54000091552734,76.03800201416016,74.3499984741211,75.09850311279297,75.09850311279297,139090000,,
2019-1-2,73.26000213623047,77.66799926757812,73.04650115966797,76.95649719238281,76.95649719238281,159662000,,
2019-1-3,76.00050354003906,76.9000015258789,74.85549926757812,75.01399993896484,75.01399993896484,139512000,,
2019-1-4,76.5,79.69999694824219,75.91549682617188,78.76950073242188,78.76950073242188,183652000,,
2019-1-7,80.1155014038086,81.72799682617188,79.45950317382812,81.47550201416016,81.47550201416016,159864000,,
2019-1-8,83.2344970703125,83.83049774169922,80.83049774169922,82.8290023803711,82.8290023803711,177628000,,
2019-1-9,82.64900207519531,83.38999938964844,82.06999969482422,82.97100067138672,82.97100067138672,126976000,,
2019-1-10,82.05049896240234,83.1624984741211,81.08100128173828,82.81099700927734,82.81099700927734,130154000,,
2019-1-11,82.02749633789062,83.0145034790039,81.81099700927734,82.02799987792969,82.02799987792969,93724000,,
2019-1-14,80.75,82.41000366210938,79.75749969482422,80.8604965209961,80.8604965209961,120118000,,
2019-1-15,81.5999984741211,83.75800323486328,81.30049896240234,83.72799682617188,83.72799682617188,119970000,,
2019-1-16,84.21099853515625,85.25,83.79399871826172,84.18900299072266,84.18900299072266,127338000,,
2019-1-17,84,85.00849914550781,83.875,84.66100311279297,84.66100311279297,84178000,,
2019-1-18,85.5999984741211,85.80999755859375,84.5770034790039,84.80999755859375,84.80999755859375,120410000,,
2019-1-22,84.05000305175781,84.09349822998047,80.51000213623047,81.6084976196289,81.6084976196289,128336000,,
2019-1-23,82.80000305175781,82.87149810791016,80.5999984741211,82.0009994506836,82.0009994506836,104504000,,
2019-1-24,82.05349731445312,82.86299896240234,81.58899688720703,82.74649810791016,82.74649810791016,81798000,,
2019-1-25,83.5250015258789,84.17400360107422,83.08049774169922,83.52850341796875,83.52850341796875,98918000,,
2019-1-28,82.17949676513672,82.25,80.70449829101562,81.89450073242188,81.89450073242188,96754000,,
2019-1-29,81.5634994506836,81.61900329589844,79.53600311279297,79.69400024414062,79.69400024414062,92656000,,
2019-1-30,81.1500015258789,83.84750366210938,80.98400115966797,83.52149963378906,83.52149963378906,115676000,,
2019-1-31,84.64250183105469,86.82050323486328,83.9540023803711,85.9365005493164,85.9365005493164,218206000,,
2019-2-1,81.94400024414062,83.65299987792969,81.10050201416016,81.3115005493164,81.3115005493164,230124000,,
2019-2-4,81.1500015258789,82.48149871826172,80.67500305175781,81.66549682617188,81.66549682617188,98582000,,
2019-2-5,82.16699981689453,83.26300048828125,82.125,82.94049835205078,82.94049835205078,89062000,,
2019-2-6,83.5374984741211,83.61299896240234,81.66699981689453,82.01300048828125,82.01300048828125,78798000,,
2019-2-7,81.25,81.2770004272461,79.64550018310547,80.71849822998047,80.71849822998047,92532000,,
2019-2-8,79.30000305175781,79.42949676513672,78.33799743652344,79.41100311279297,79.41100311279297,113150000,,
2019-2-11,80.04900360107422,80.4645004272461,79.30000305175781,79.55000305175781,79.55000305175781,66346000,,
2019-2-12,80.19999694824219,81.97000122070312,79.94400024414062,81.90049743652344,81.90049743652344,97172000,,
2019-2-13,82.3499984741211,82.81900024414062,81.85549926757812,82,82,71206000,,
2019-2-14,81.2249984741211,81.8949966430664,80.3030014038086,81.13249969482422,81.13249969482422,82410000,,
2019-2-15,81.39299774169922,81.44550323486328,80.2249984741211,80.39749908447266,80.39749908447266,86878000,,
2019-2-19,80.05000305175781,81.69999694824219,80.02799987792969,81.37899780273438,81.37899780273438,73634000,,
2019-2-20,81.5,81.74649810791016,80.50599670410156,81.1050033569336,81.1050033569336,66752000,,
2019-2-21,80.99250030517578,81.1780014038086,80.04550170898438,80.97200012207031,80.97200012207031,69668000,,
2019-2-22,81.17500305175781,81.74700164794922,81.05850219726562,81.5780029296875,81.5780029296875,61924000,,
2019-2-25,82.07250213623047,82.7300033569336,81.51950073242188,81.6500015258789,81.6500015258789,63690000,,
2019-2-26,81.29900360107422,81.99949645996094,80.80650329589844,81.81999969482422,81.81999969482422,53316000,,
2019-2-27,81.40899658203125,82.09049987792969,80.75499725341797,82.05449676513672,82.05449676513672,62976000,,
2019-2-28,81.76249694824219,82.5885009765625,81.69149780273438,81.99150085449219,81.99150085449219,60518000,,
2019-3-1,82.75650024414062,83.71299743652344,82.55000305175781,83.58650207519531,83.58650207519531,99498000,,
2019-3-4,84.25,85.47149658203125,83.71800231933594,84.80850219726562,84.80850219726562,123348000,,
2019-3-5,85.14749908447266,85.38999938964844,84.45050048828125,84.62149810791016,84.62149810791016,73630000,,
2019-3-6,84.79850006103516,84.88749694824219,83.41400146484375,83.44750213623047,83.44750213623047,79920000,,
2019-3-7,83.36849975585938,83.48750305175781,81.02549743652344,81.29750061035156,81.29750061035156,99140000,,
2019-3-8,80.20050048828125,81.13600158691406,79.32849884033203,81.04000091552734,81.04000091552734,93340000,,
2019-3-11,81.30599975585938,83.614501953125,81.30049896240234,83.53099822998047,83.53099822998047,77528000,,
2019-3-12,83.44999694824219,84.2135009765625,83.04900360107422,83.65499877929688,83.65499877929688,72290000,,
2019-3-13,84.1500015258789,85,83.96749877929688,84.54049682617188,84.54049682617188,71040000,,
2019-3-14,84.55999755859375,85.0999984741211,84.21700286865234,84.31099700927734,84.31099700927734,58932000,,
2019-3-15,85.1500015258789,85.94000244140625,84.65650177001953,85.61799621582031,85.61799621582031,151018000,,
2019-3-18,85.63500213623047,87.5,85.63150024414062,87.10749816894531,87.10749816894531,108582000,,
2019-3-19,87.67549896240234,89.20800018310547,87.67549896240234,88.09249877929688,88.09249877929688,127284000,,
2019-3-20,88.49700164794922,89.9749984741211,88.35150146484375,89.8635025024414,89.8635025024414,125312000,,
2019-3-21,89.81300354003906,91.1875,89.36399841308594,90.96299743652344,90.96299743652344,115356000,,
2019-3-22,90.50849914550781,90.9489974975586,88.15550231933594,88.2385025024414,88.2385025024414,127260000,,
2019-3-25,87.8895034790039,89.13400268554688,87.375,88.71299743652344,88.71299743652344,102076000,,
2019-3-26,89.6500015258789,90.28849792480469,88.66799926757812,89.18800354003906,89.18800354003906,97318000,,
2019-3-27,89.20649719238281,89.375,87.28399658203125,88.28500366210938,88.28500366210938,86496000,,
2019-3-28,88.5,88.89649963378906,87.67350006103516,88.6709976196289,88.6709976196289,60860000,,
2019-3-29,89.3290023803711,89.64299774169922,88.83149719238281,89.0374984741211,89.0374984741211,66416000,,
2019-4-1,90.00550079345703,90.78350067138672,89.9365005493164,90.70950317382812,90.70950317382812,84776000,,
2019-4-2,90.5510025024414,91,90.25599670410156,90.6989974975586,90.6989974975586,68962000,,
2019-4-3,91.33599853515625,91.5,90.48100280761719,91.03500366210938,91.03500366210938,78522000,,
2019-4-4,91.03250122070312,91.4375,90.20999908447266,90.94300079345703,90.94300079345703,72478000,,
2019-4-5,91.44999694824219,91.92900085449219,91.2594985961914,91.86399841308594,91.86399841308594,72810000,,
2019-4-8,91.6614990234375,92.51000213623047,91.25550079345703,92.49299621582031,92.49299621582031,75056000,,
2019-4-9,92.27449798583984,92.65450286865234,91.58899688720703,91.79199981689453,91.79199981689453,74288000,,
2019-4-10,92.05000305175781,92.4000015258789,91.44049835205078,92.36650085449219,92.36650085449219,59280000,,
2019-4-11,92.43499755859375,92.49749755859375,92.0155029296875,92.20349884033203,92.20349884033203,53096000,,
2019-4-12,92.41999816894531,92.57499694824219,92.06500244140625,92.15299987792969,92.15299987792969,62288000,,
2019-4-15,92.0999984741211,92.34249877929688,90.94499969482422,92.24349975585938,92.24349975585938,74488000,,
2019-4-16,92.56749725341797,93.4885025024414,92.4000015258789,93.1520004272461,93.1520004272461,60892000,,
2019-4-17,93.64949798583984,93.82350158691406,93.02200317382812,93.24099731445312,93.24099731445312,57870000,,
2019-4-18,93.43949890136719,93.54100036621094,92.9739990234375,93.08450317382812,93.08450317382812,54998000,,
2019-4-22,92.7699966430664,94.4209976196289,92.28199768066406,94.3655014038086,94.3655014038086,67476000,,
2019-4-23,94.55999755859375,96.46299743652344,94.47899627685547,96.1884994506836,96.1884994506836,92808000,,
2019-4-24,96.25,96.4844970703125,94.90799713134766,95.0875015258789,95.0875015258789,73516000,,
2019-4-25,95.8499984741211,96.12249755859375,95.0155029296875,95.11250305175781,95.11250305175781,121982000,,
2019-4-26,96.44999694824219,97.55000305175781,94.9000015258789,97.53150177001953,97.53150177001953,168652000,,
2019-4-29,97.44999694824219,97.81700134277344,96.70449829101562,96.92150115966797,96.92150115966797,80426000,,
2019-4-30,96.50499725341797,96.7854995727539,95.34750366210938,96.32599639892578,96.32599639892578,70120000,,
2019-5-1,96.65450286865234,97.18199920654297,95.52749633789062,95.57599639892578,95.57599639892578,62340000,,
2019-5-2,95.66649627685547,96.07749938964844,94.09349822998047,95.04100036621094,95.04100036621094,79258000,,
2019-5-3,97.44999694824219,98.22000122070312,96.80000305175781,98.12300109863281,98.12300109863281,127632000,,
2019-5-6,95.89900207519531,97.94999694824219,95.5250015258789,97.52749633789062,97.52749633789062,108356000,,
2019-5-7,96.99949645996094,97.45500183105469,95.16899871826172,96.05000305175781,96.05000305175781,118042000,,
2019-5-8,95.94349670410156,96.76850128173828,95.5,95.88849639892578,95.88849639892578,81572000,,
2019-5-9,95,95.47000122070312,93.80000305175781,94.99349975585938,94.99349975585938,106166000,,
2019-5-10,94.9000015258789,95.18949890136719,92.80000305175781,94.4990005493164,94.4990005493164,114360000,,
2019-5-13,91.8280029296875,92.3270034790039,90.9000015258789,91.13400268554688,91.13400268554688,115668000,,
2019-5-14,91.9749984741211,92.62200164794922,90.7874984741211,92.00599670410156,92.00599670410156,92582000,,
2019-5-15,91.39749908447266,93.72149658203125,91.1500015258789,93.55750274658203,93.55750274658203,93852000,,
2019-5-16,94.2969970703125,95.87550354003906,94.114501953125,95.37850189208984,95.37850189208984,94156000,,
2019-5-17,94.65249633789062,95.52649688720703,93.36650085449219,93.44999694824219,93.44999694824219,94732000,,
2019-5-20,92.6344985961914,93.38899993896484,91.7770004272461,92.94850158691406,92.94850158691406,75964000,,
2019-5-21,93.739501953125,93.94999694824219,92.30000305175781,92.8759994506836,92.8759994506836,80102000,,
2019-5-22,92.58899688720703,93.57450103759766,92.55000305175781,92.98400115966797,92.98400115966797,58732000,,
2019-5-23,91.82949829101562,92.19999694824219,90.20999908447266,90.77400207519531,90.77400207519531,88486000,,
2019-5-24,91.79450225830078,92.08799743652344,90.89250183105469,91.16400146484375,91.16400146484375,67394000,,
2019-5-28,91.63749694824219,92.4635009765625,91.36750030517578,91.82150268554688,91.82150268554688,64000000,,
2019-5-29,91.15599822998047,91.5,90.37650299072266,90.95950317382812,90.95950317382812,85580000,,
2019-5-30,91.27449798583984,91.47350311279297,90.3915023803711,90.81600189208984,90.81600189208984,62938000,,
2019-5-31,89.50050354003906,89.77950286865234,88.63500213623047,88.75350189208984,88.75350189208984,92376000,,
2019-6-3,88.00050354003906,88.31449890136719,83.5999984741211,84.6344985961914,84.6344985961914,181974000,,
2019-6-4,84.96199798583984,86.54100036621094,84.04450225830078,86.47799682617188,86.47799682617188,113582000,,
2019-6-5,87.4800033569336,87.5999984741211,85.76249694824219,86.92500305175781,86.92500305175781,84796000,,
2019-6-6,86.885498046875,88,86.30650329589844,87.71800231933594,87.71800231933594,73786000,,
2019-6-7,88.18499755859375,90.3125,87.97450256347656,90.20149993896484,90.20149993896484,96164000,,
2019-6-10,91.0999984741211,94.24349975585938,90.9000015258789,93.03150177001953,93.03150177001953,107420000,,
2019-6-11,94.1624984741211,94.68499755859375,92.9000015258789,93.18499755859375,93.18499755859375,80854000,,
2019-6-12,92.6989974975586,93.25,92.21900177001953,92.76599884033203,92.76599884033203,53566000,,
2019-6-13,93.33599853515625,94.15450286865234,93.11100006103516,93.51499938964844,93.51499938964844,55916000,,
2019-6-14,93.19999694824219,93.80000305175781,92.94999694824219,93.4834976196289,93.4834976196289,57024000,,
2019-6-17,93.82499694824219,94.78450012207031,93.77249908447266,94.30149841308594,94.30149841308594,52686000,,
2019-6-18,95.06749725341797,96.08350372314453,94.989501953125,95.06849670410156,95.06849670410156,77914000,,
2019-6-19,95.39199829101562,95.97899627685547,94.62349700927734,95.43949890136719,95.43949890136719,57906000,,
2019-6-20,96.66649627685547,96.76000213623047,95.29000091552734,95.90950012207031,95.90950012207031,64344000,,
2019-6-21,95.80500030517578,96.29750061035156,95.37899780273438,95.56500244140625,95.56500244140625,78672000,,
2019-6-24,95.63300323486328,95.84300231933594,95.06500244140625,95.69499969482422,95.69499969482422,45660000,,
2019-6-25,95.59200286865234,95.81950378417969,93.62100219726562,93.91349792480469,93.91349792480469,60246000,,
2019-6-26,94.6240005493164,95.19000244140625,94.36599731445312,94.8915023803711,94.8915023803711,48838000,,
2019-6-27,95.0999984741211,95.56199645996094,94.9020004272461,95.21399688720703,95.21399688720703,42834000,,
2019-6-28,95.45500183105469,95.64700317382812,94.19999694824219,94.68150329589844,94.68150329589844,60748000,,
2019-7-1,96.14900207519531,96.49099731445312,95.73300170898438,96.1094970703125,96.1094970703125,63842000,,
2019-7-2,95.96900177001953,96.739501953125,95.33149719238281,96.71549987792969,96.71549987792969,52918000,,
2019-7-3,96.79450225830078,97.07949829101562,96.5250015258789,96.94999694824219,96.94999694824219,33806000,,
2019-7-5,96.43000030517578,97.29499816894531,96.26499938964844,97.14550018310547,97.14550018310547,52568000,,
2019-7-8,96.70600128173828,97.80000305175781,96.4124984741211,97.61599731445312,97.61599731445312,57668000,,
2019-7-9,97.38999938964844,99.50050354003906,97.17400360107422,99.41500091552734,99.41500091552734,86914000,,
2019-7-10,99.82550048828125,101.24700164794922,99.7699966430664,100.87049865722656,100.87049865722656,98638000,,
2019-7-11,101.28099822998047,101.79000091552734,99.76499938964844,100.05349731445312,100.05349731445312,86356000,,
2019-7-12,100.41349792480469,100.8499984741211,100.19349670410156,100.55000305175781,100.55000305175781,50186000,,
2019-7-15,101.06999969482422,101.1449966430664,100.07749938964844,101.04949951171875,101.04949951171875,59626000,,
2019-7-16,100.52899932861328,101.31600189208984,100.06099700927734,100.49500274658203,100.49500274658203,52364000,,
2019-7-17,100.35250091552734,100.5999984741211,99.60150146484375,99.60150146484375,99.60150146484375,51176000,,
2019-7-18,99.00050354003906,99.375,97.57749938964844,98.8949966430664,98.8949966430664,69738000,,
2019-7-19,99.56050109863281,99.80000305175781,98.11150360107422,98.22599792480469,98.22599792480469,63712000,,
2019-7-22,98.55699920654297,99.44999694824219,97.91300201416016,99.28150177001953,99.28150177001953,58000000,,
2019-7-23,99.79949951171875,99.8895034790039,98.65650177001953,99.72450256347656,99.72450256347656,54070000,,
2019-7-24,98.46499633789062,100.06500244140625,98.29350280761719,100.04049682617188,100.04049682617188,52626000,,
2019-7-25,100.05000305175781,100.05999755859375,98.63600158691406,98.69100189208984,98.69100189208984,82730000,,
2019-7-26,97.0999984741211,97.54499816894531,96.22550201416016,97.15249633789062,97.15249633789062,98542000,,
2019-7-29,96.5,96.61150360107422,94.5270004272461,95.62249755859375,95.62249755859375,89864000,,
2019-7-30,94.55599975585938,95.49449920654297,94.17400360107422,94.92649841308594,94.92649841308594,58218000,,
2019-7-31,94.90550231933594,94.97750091552734,92.47200012207031,93.33899688720703,93.33899688720703,89414000,,
2019-8-1,93.58599853515625,94.89600372314453,92.20050048828125,92.76599884033203,92.76599884033203,94266000,,
2019-8-2,92.25350189208984,92.31800079345703,90.4010009765625,91.16200256347656,91.16200256347656,99124000,,
2019-8-5,88.51100158691406,89.43350219726562,87.43900299072266,88.25650024414062,88.25650024414062,121164000,,
2019-8-6,89.61150360107422,89.6884994506836,87.66999816894531,89.3915023803711,89.3915023803711,101406000,,
2019-8-7,88.69950103759766,89.94650268554688,87.8499984741211,89.66999816894531,89.66999816894531,90538000,,
2019-8-8,90.30000305175781,91.71299743652344,89.90550231933594,91.64450073242188,91.64450073242188,74024000,,
2019-8-9,91.44750213623047,91.55449676513672,90.11100006103516,90.37899780273438,90.37899780273438,57596000,,
2019-8-12,89.79949951171875,90.04900360107422,88.8499984741211,89.24600219726562,89.24600219726562,58110000,,
2019-8-13,89.1500015258789,91.58699798583984,89,91.21700286865234,91.21700286865234,79880000,,
2019-8-14,89.65049743652344,89.78250122070312,87.86100006103516,88.14800262451172,88.14800262451172,97872000,,
2019-8-15,89.09950256347656,89.4000015258789,88.0979995727539,88.80599975585938,88.80599975585938,75182000,,
2019-8-16,89.64450073242188,90.14550018310547,89.22750091552734,89.62850189208984,89.62850189208984,60360000,,
2019-8-19,90.90399932861328,91.30000305175781,90.63050079345703,90.80599975585938,90.80599975585938,56326000,,
2019-8-20,90.7249984741211,90.84100341796875,89.99400329589844,90.06900024414062,90.06900024414062,38590000,,
2019-8-21,90.96949768066406,91.47899627685547,90.75,91.177001953125,91.177001953125,40636000,,
2019-8-22,91.4000015258789,91.47049713134766,90.00499725341797,90.23300170898438,90.23300170898438,53070000,,
2019-8-23,89.65149688720703,90.24500274658203,87.2614974975586,87.48100280761719,87.48100280761719,105416000,,
2019-8-26,88.34549713134766,88.5,87.17549896240234,88.44349670410156,88.44349670410156,61600000,,
2019-8-27,88.7864990234375,88.97000122070312,87.33399963378906,88.09149932861328,88.09149932861328,60394000,,
2019-8-28,87.75,88.39299774169922,87.20249938964844,88.2125015258789,88.2125015258789,48394000,,
2019-8-29,89.1500015258789,89.92749786376953,88.86250305175781,89.31999969482422,89.31999969482422,60302000,,
2019-8-30,89.87449645996094,89.98699951171875,88.22850036621094,88.81449890136719,88.81449890136719,61174000,,
2019-9-3,88.5,90.04000091552734,88.4000015258789,89.49199676513672,89.49199676513672,70860000,,
2019-9-4,90.25,90.38150024414062,89.8115005493164,90.03099822998047,90.03099822998047,46482000,,
2019-9-5,91.09750366210938,92.0999984741211,90.77899932861328,92.03600311279297,92.03600311279297,66216000,,
2019-9-6,91.91100311279297,92.03250122070312,91.31999969482422,91.67549896240234,91.67549896240234,49938000,,
2019-9-9,92.05000305175781,92.5,91.23049926757812,91.56749725341797,91.56749725341797,59990000,,
2019-9-10,91.13749694824219,91.29049682617188,90.26699829101562,91.02749633789062,91.02749633789062,52278000,,
2019-9-11,90.60700225830078,91.6709976196289,90.4540023803711,91.14949798583984,91.14949798583984,48656000,,
2019-9-12,91.88150024414062,92.68299865722656,91.71399688720703,92.17749786376953,92.17749786376953,56470000,,
2019-9-13,92.10050201416016,92.30599975585938,91.75849914550781,91.96700286865234,91.96700286865234,39426000,,
2019-9-16,91.20099639892578,91.28450012207031,90.01000213623047,90.39199829101562,90.39199829101562,73510000,,
2019-9-17,90.35399627685547,91.19950103759766,90.20500183105469,91.12750244140625,91.12750244140625,39648000,,
2019-9-18,90.85199737548828,91.10299682617188,89.7750015258789,90.87300109863281,90.87300109863281,50112000,,
2019-9-19,91.0510025024414,91.62850189208984,90.8949966430664,91.07499694824219,91.07499694824219,40630000,,
2019-9-20,91.08550262451172,91.53150177001953,89.0459976196289,89.70800018310547,89.70800018310547,106838000,,
2019-9-23,88.8499984741211,89.63500213623047,88.36599731445312,89.26499938964844,89.26499938964844,58446000,,
2019-9-24,89.53050231933594,89.7854995727539,86.77749633789062,87.08049774169922,87.08049774169922,92320000,,
2019-9-25,87.36799621582031,88.6500015258789,86.1500015258789,88.41649627685547,88.41649627685547,69864000,,
2019-9-26,88.1395034790039,88.16850280761719,86.57499694824219,86.99199676513672,86.99199676513672,70736000,,
2019-9-27,87.4000015258789,87.45600128173828,85.69100189208984,86.27249908447266,86.27249908447266,78144000,,
2019-9-30,86.34950256347656,86.87300109863281,85.46099853515625,86.79550170898438,86.79550170898438,52894000,,
2019-10-1,87.30000305175781,87.77999877929688,86.42050170898438,86.78250122070312,86.78250122070312,61690000,,
2019-10-2,86.38700103759766,86.44450378417969,85.25,85.6614990234375,85.6614990234375,66022000,,
2019-10-3,85.6500015258789,86.25,84.25299835205078,86.22100067138672,86.22100067138672,69364000,,
2019-10-4,86.3010025024414,87.02899932861328,85.96150207519531,86.98249816894531,86.98249816894531,49438000,,
2019-10-7,86.58149719238281,87.3915023803711,86.18499755859375,86.63300323486328,86.63300323486328,43094000,,
2019-10-8,86.12449645996094,86.3499984741211,85.25,85.27549743652344,85.27549743652344,50840000,,
2019-10-9,85.98049926757812,86.49749755859375,85.71800231933594,86.09950256347656,86.09950256347656,40870000,,
2019-10-10,86.26200103759766,86.91449737548828,85.6875,86.01300048828125,86.01300048828125,51504000,,
2019-10-11,87.14600372314453,87.27249908447266,86.49299621582031,86.59600067138672,86.59600067138672,65100000,,
2019-10-14,86.44550323486328,87.09449768066406,86.0999984741211,86.82150268554688,86.82150268554688,38204000,,
2019-10-15,87.10700225830078,88.82250213623047,87.03099822998047,88.36900329589844,88.36900329589844,62234000,,
2019-10-16,88.66649627685547,89.31199645996094,88.5260009765625,88.87149810791016,88.87149810791016,55268000,,
2019-10-17,89.82450103759766,89.94249725341797,89.10099792480469,89.3740005493164,89.3740005493164,52948000,,
2019-10-18,89.38999938964844,89.6989974975586,87.45999908447266,87.87550354003906,87.87550354003906,67250000,,
2019-10-21,88.48300170898438,89.29399871826172,88.25,89.28299713134766,89.28299713134766,42608000,,
2019-10-22,89.40750122070312,89.48899841308594,88.0999984741211,88.2864990234375,88.2864990234375,42234000,,
2019-10-23,88.06500244140625,88.50250244140625,87.0999984741211,88.1084976196289,88.1084976196289,42764000,,
2019-10-24,88.55449676513672,89.41699981689453,88.01349639892578,89.03900146484375,89.03900146484375,88922000,,
2019-10-25,84.87750244140625,88.21050262451172,84.75,88.06649780273438,88.06649780273438,192528000,,
2019-10-28,87.40299987792969,88.93499755859375,87.125,88.85399627685547,88.85399627685547,74178000,,
2019-10-29,88.7405014038086,88.8499984741211,87.79049682617188,88.135498046875,88.135498046875,45538000,,
2019-10-30,88.01200103759766,89.11900329589844,87.95600128173828,88.99949645996094,88.99949645996094,48988000,,
2019-10-31,88.79949951171875,89.5999984741211,88.5739974975586,88.83300018310547,88.83300018310547,55624000,,
2019-11-1,89.40049743652344,89.87249755859375,89.260498046875,89.5719985961914,89.5719985961914,55808000,,
2019-11-4,90.05049896240234,90.75299835205078,90.05049896240234,90.23300170898438,90.23300170898438,55438000,,
2019-11-5,90.45800018310547,90.51249694824219,89.69999694824219,90.08550262451172,90.08550262451172,37710000,,
2019-11-6,90.05000305175781,90.125,89.42900085449219,89.78849792480469,89.78849792480469,40596000,,
2019-11-7,90.18800354003906,90.29499816894531,89.17400360107422,89.41000366210938,89.41000366210938,53022000,,
2019-11-8,89.39450073242188,89.49400329589844,88.7020034790039,89.29399871826172,89.29399871826172,42466000,,
2019-11-11,88.9000015258789,89,88.35649871826172,88.5824966430664,88.5824966430664,38920000,,
2019-11-12,88.73300170898438,89.31099700927734,88.59549713134766,88.9000015258789,88.9000015258789,40752000,,
2019-11-13,88.66950225830078,88.75,87.36599731445312,87.65550231933594,87.65550231933594,59790000,,
2019-11-14,87.57150268554688,88.32949829101562,87.47799682617188,87.7300033569336,87.7300033569336,45296000,,
2019-11-15,88.00250244140625,88.08399963378906,86.64299774169922,86.97450256347656,86.97450256347656,78552000,,
2019-11-18,86.91500091552734,87.68499755859375,86.135498046875,87.62650299072266,87.62650299072266,56790000,,
2019-11-19,87.84950256347656,88.03399658203125,87.15149688720703,87.6395034790039,87.6395034790039,45416000,,
2019-11-20,87.45700073242188,88.1259994506836,86.70600128173828,87.27649688720703,87.27649688720703,55800000,,
2019-11-21,87.1500015258789,87.34349822998047,86.51799774169922,86.7354965209961,86.7354965209961,53258000,,
2019-11-22,86.95099639892578,87.32150268554688,86.55000305175781,87.28600311279297,87.28600311279297,49582000,,
2019-11-25,87.6624984741211,88.87100219726562,87.66200256347656,88.69200134277344,88.69200134277344,69724000,,
2019-11-26,88.99600219726562,89.85150146484375,88.9175033569336,89.84700012207031,89.84700012207031,63624000,,
2019-11-27,90.05000305175781,91.2249984741211,89.8655014038086,90.92549896240234,90.92549896240234,60512000,,
2019-11-29,90.88899993896484,91.2344970703125,90.03949737548828,90.04000091552734,90.04000091552734,38468000,,
2019-12-2,90.22000122070312,90.27749633789062,88.13400268554688,89.08000183105469,89.08000183105469,78512000,,
2019-12-3,88,88.64350128173828,87.36150360107422,88.49800109863281,88.49800109863281,67618000,,
2019-12-4,88.70050048828125,89.45449829101562,88.01100158691406,88.03450012207031,88.03450012207031,53402000,,
2019-12-5,88.17500305175781,88.17500305175781,87,87.02400207519531,87.02400207519531,56476000,,
2019-12-6,87.55999755859375,87.72000122070312,87.00650024414062,87.58000183105469,87.58000183105469,62348000,,
2019-12-9,87.53299713134766,88.34449768066406,87.28050231933594,87.47550201416016,87.47550201416016,48856000,,
2019-12-10,87.37000274658203,87.53350067138672,86.75,86.96050262451172,86.96050262451172,50286000,,
2019-12-11,87.08350372314453,87.5,86.7854995727539,87.43599700927734,87.43599700927734,41952000,,
2019-12-12,87.5,88.19999694824219,87.27200317382812,88.0165023803711,88.0165023803711,61918000,,
2019-12-13,88.25,88.44950103759766,87.75,88.0469970703125,88.0469970703125,54914000,,
2019-12-16,88.3499984741211,88.4749984741211,87.85250091552734,88.46050262451172,88.46050262451172,62904000,,
2019-12-17,88.90049743652344,89.5999984741211,88.86949920654297,89.53299713134766,89.53299713134766,72888000,,
2019-12-18,89.7509994506836,89.91000366210938,89.11799621582031,89.20149993896484,89.20149993896484,67028000,,
2019-12-19,89.0250015258789,89.64949798583984,88.7030029296875,89.61399841308594,89.61399841308594,53056000,,
2019-12-20,89.98100280761719,90.14849853515625,89.12249755859375,89.32499694824219,89.32499694824219,103016000,,
2019-12-23,89.41300201416016,89.6500015258789,89.22550201416016,89.6500015258789,89.6500015258789,42728000,,
2019-12-24,89.69049835205078,89.77850341796875,89.37899780273438,89.46050262451172,89.46050262451172,17626000,,
2019-12-26,90.05049896240234,93.52300262451172,89.9749984741211,93.4384994506836,93.4384994506836,120108000,,
2019-12-27,94.14600372314453,95.06999969482422,93.30049896240234,93.48999786376953,93.48999786376953,123732000,,
2019-12-30,93.69999694824219,94.19999694824219,92.03099822998047,92.34449768066406,92.34449768066406,73494000,,
2019-12-31,92.0999984741211,92.66300201416016,91.61150360107422,92.39199829101562,92.39199829101562,50130000,,
2020-1-2,93.75,94.90049743652344,93.2074966430664,94.90049743652344,94.90049743652344,80580000,,
2020-1-3,93.2249984741211,94.30999755859375,93.2249984741211,93.74849700927734,93.74849700927734,75288000,,
2020-1-6,93,95.18450164794922,93,95.14399719238281,95.14399719238281,81236000,,
2020-1-7,95.2249984741211,95.69450378417969,94.60199737548828,95.34300231933594,95.34300231933594,80898000,,
2020-1-8,94.9020004272461,95.55000305175781,94.3219985961914,94.59850311279297,94.59850311279297,70160000,,
2020-1-9,95.49449920654297,95.89099884033203,94.79000091552734,95.05249786376953,95.05249786376953,63346000,,
2020-1-10,95.26850128173828,95.34700012207031,94,94.15799713134766,94.15799713134766,57074000,,
2020-1-13,94.56549835205078,94.9000015258789,94.04000091552734,94.56500244140625,94.56500244140625,55616000,,
2020-1-14,94.29399871826172,94.35549926757812,92.92749786376953,93.47200012207031,93.47200012207031,68818000,,
2020-1-15,93.61250305175781,93.94300079345703,92.75450134277344,93.10099792480469,93.10099792480469,57932000,,
2020-1-16,94.14949798583984,94.27950286865234,93.3010025024414,93.89700317382812,93.89700317382812,53190000,,
2020-1-17,94.29450225830078,94.33200073242188,92.86250305175781,93.23600006103516,93.23600006103516,79946000,,
2020-1-21,93.25,94.7135009765625,93,94.5999984741211,94.5999984741211,74156000,,
2020-1-22,94.80449676513672,95.125,94.16699981689453,94.37300109863281,94.37300109863281,64326000,,
2020-1-23,94.25550079345703,94.4990005493164,93.63800048828125,94.22899627685547,94.22899627685547,49692000,,
2020-1-24,94.56849670410156,94.74949645996094,92.37200164794922,93.08200073242188,93.08200073242188,75324000,,
2020-1-27,91,92.05000305175781,90.76699829101562,91.41699981689453,91.41699981689453,70570000,,
2020-1-28,92.0250015258789,92.90550231933594,91.5009994506836,92.6624984741211,92.6624984741211,56160000,,
2020-1-29,93.19999694824219,93.73750305175781,92.7509994506836,92.9000015258789,92.9000015258789,41760000,,
2020-1-30,92.9000015258789,93.64350128173828,92.53050231933594,93.53399658203125,93.53399658203125,126548000,,
2020-1-31,102.57350158691406,102.78600311279297,100.1135025024414,100.43599700927734,100.43599700927734,311346000,,
2020-2-3,100.52999877929688,102.42500305175781,100.01249694824219,100.20999908447266,100.20999908447266,117834000,,
2020-2-4,101.49400329589844,102.98999786376953,100.76850128173828,102.4834976196289,102.4834976196289,105786000,,
2020-2-5,103.5510025024414,103.5510025024414,101.5999984741211,101.99349975585938,101.99349975585938,87524000,,
2020-2-6,102.0510025024414,102.81500244140625,101.23999786376953,102.5114974975586,102.5114974975586,63660000,,
2020-2-7,102.09950256347656,104.92649841308594,101.90499877929688,103.96399688720703,103.96399688720703,101906000,,
2020-2-10,104.25050354003906,106.77999877929688,104.24800109863281,106.69550323486328,106.69550323486328,101124000,,
2020-2-11,107.54499816894531,109.29750061035156,106.80000305175781,107.54000091552734,107.54000091552734,114920000,,
2020-2-12,108.16000366210938,109.01249694824219,107.7645034790039,108,108,66686000,,
2020-2-13,107.24949645996094,108.51399993896484,107.0999984741211,107.49349975585938,107.49349975585938,60636000,,
2020-2-14,107.78399658203125,107.9520034790039,106.29450225830078,106.74349975585938,106.74349975585938,52124000,,
2020-2-18,106.2509994506836,108.30349731445312,106.20549774169922,107.78350067138672,107.78350067138672,58912000,,
2020-2-19,108.38999938964844,109.25499725341797,108.05599975585938,108.51100158691406,108.51100158691406,51224000,,
2020-2-20,108.65350341796875,108.8395004272461,106.37249755859375,107.65499877929688,107.65499877929688,62626000,,
2020-2-21,107.10749816894531,107.22750091552734,104.4000015258789,104.79850006103516,104.79850006103516,92926000,,
2020-2-24,100.15899658203125,101.96499633789062,99.39849853515625,100.4645004272461,100.4645004272461,130940000,,
2020-2-25,101.32099914550781,101.7300033569336,97.9209976196289,98.63700103759766,98.63700103759766,124382000,,
2020-2-26,98.51399993896484,100.7334976196289,98.02249908447266,98.97949981689453,98.97949981689453,104492000,,
2020-2-27,96.71900177001953,98.75,94.13800048828125,94.21499633789062,94.21499633789062,162880000,,
2020-2-28,90.73149871826172,94.48799896240234,90.55650329589844,94.1875,94.1875,189620000,,
2020-3-2,95.32450103759766,97.72550201416016,93.5,97.69750213623047,97.69750213623047,135234000,,
2020-3-3,98.76850128173828,99.81649780273438,94.40450286865234,95.44950103759766,95.44950103759766,150690000,,
2020-3-4,97.32849884033203,98.9000015258789,96.0999984741211,98.79149627685547,98.79149627685547,95458000,,
2020-3-5,96.6500015258789,98.03600311279297,95.5,96.20149993896484,96.20149993896484,94964000,,
2020-3-6,93.75,95.54350280761719,93.4749984741211,95.05449676513672,95.05449676513672,105472000,,
2020-3-9,88.69300079345703,93.13849639892578,88.06449890136719,90.03050231933594,90.03050231933594,156264000,,
2020-3-10,93.54399871826172,94.7135009765625,90.90850067138672,94.59100341796875,94.59100341796875,142666000,,
2020-3-11,92.89250183105469,93.56600189208984,90.07499694824219,91.04299926757812,91.04299926757812,112496000,,
2020-3-12,86.0989990234375,88.25,83.75,83.83049774169922,83.83049774169922,226924000,,
2020-3-13,87.75,89.31549835205078,84.03099822998047,89.25,89.25,176194000,,
2020-3-16,82.07550048828125,87.97250366210938,81.30149841308594,84.4574966430664,84.4574966430664,178346000,,
2020-3-17,88.77349853515625,92.88899993896484,84.46199798583984,90.39199829101562,90.39199829101562,218342000,,
2020-3-18,87.5,92.08300018310547,87.25,91.5,91.5,192904000,,
2020-3-19,93,97.25,91.63249969482422,94.04650115966797,94.04650115966797,207998000,,
2020-3-20,96.31549835205078,97.8499984741211,91.0364990234375,92.30449676513672,92.30449676513672,196358000,,
2020-3-23,91.38749694824219,95.97000122070312,90.5999984741211,95.1415023803711,95.1415023803711,156170000,,
2020-3-24,97.57499694824219,97.75,95.01699829101562,97.00499725341797,97.00499725341797,142942000,,
2020-3-25,96.03450012207031,97.51300048828125,94.28900146484375,94.29199981689453,94.29199981689453,129582000,,
2020-3-26,95.0999984741211,97.82450103759766,94.4645004272461,97.77449798583984,97.77449798583984,124426000,,
2020-3-27,96.54299926757812,96.989501953125,94.99600219726562,95.00499725341797,95.00499725341797,107758000,,
2020-3-30,96.1415023803711,98.68150329589844,95.61699676513672,98.19750213623047,98.19750213623047,122522000,,
2020-3-31,98.21749877929688,99.6510009765625,97.20050048828125,97.48600006103516,97.48600006103516,102472000,,
2020-4-1,96.64849853515625,97.24800109863281,94.6500015258789,95.38500213623047,95.38500213623047,82438000,,
2020-4-2,95.08200073242188,96.37650299072266,94.5,95.94149780273438,95.94149780273438,86720000,,
2020-4-3,95.55750274658203,96.31649780273438,94.4574966430664,95.32949829101562,95.32949829101562,72198000,,
2020-4-6,96.80000305175781,99.9260025024414,96.5009994506836,99.87950134277344,99.87950134277344,115464000,,
2020-4-7,100.85549926757812,101.78600311279297,99.88099670410156,100.58000183105469,100.58000183105469,102280000,,
2020-4-8,101.05000305175781,102.19999694824219,100.55750274658203,102.1500015258789,102.1500015258789,79546000,,
2020-4-9,102.21499633789062,102.6500015258789,100.88300323486328,102.13800048828125,102.13800048828125,92930000,,
2020-4-13,102,109,101.9000015258789,108.44349670410156,108.44349670410156,134334000,,
2020-4-14,110.02349853515625,114.5999984741211,109.31050109863281,114.16600036621094,114.16600036621094,161744000,,
2020-4-15,112.88400268554688,116.66850280761719,112.25,115.38400268554688,115.38400268554688,137332000,,
2020-4-16,117.30000305175781,123.05000305175781,116.75,120.40950012207031,120.40950012207031,240764000,,
2020-4-17,118.61650085449219,120,115.8010025024414,118.75,118.75,158600000,,
2020-4-20,119.49749755859375,122.2490005493164,119.30249786376953,119.68049621582031,119.68049621582031,115414000,,
2020-4-21,120.83049774169922,121.41549682617188,113.98300170898438,116.40599822998047,116.40599822998047,149534000,,
2020-4-22,118.44999694824219,119.69999694824219,117.55000305175781,118.17449951171875,118.17449951171875,84244000,,
2020-4-23,119.9990005493164,121.21099853515625,119.10399627685547,119.97250366210938,119.97250366210938,101332000,,
2020-4-24,120.8499984741211,121.02149963378906,119.0999984741211,120.51100158691406,120.51100158691406,76498000,,
2020-4-27,122.16000366210938,122.24400329589844,118.1500015258789,118.80000305175781,118.80000305175781,112912000,,
2020-4-28,118.6050033569336,118.67500305175781,115.30000305175781,115.7040023803711,115.7040023803711,105388000,,
2020-4-29,116.50050354003906,119.59449768066406,115.5,118.635498046875,118.635498046875,91832000,,
2020-4-30,120.99199676513672,123.75,119.80049896240234,123.69999694824219,123.69999694824219,190692000,,
2020-5-1,116.83999633789062,118.12200164794922,112.90950012207031,114.302001953125,114.302001953125,195452000,,
2020-5-4,112.81900024414062,116.3489990234375,112.81900024414062,115.79949951171875,115.79949951171875,97318000,,
2020-5-5,117,117.55000305175781,115.35649871826172,115.88999938964844,115.88999938964844,64850000,,
2020-5-6,116.47200012207031,117.87249755859375,116,117.56300354003906,117.56300354003906,62356000,,
2020-5-7,118.73899841308594,118.80000305175781,117.15550231933594,118.38050079345703,118.38050079345703,67928000,,
2020-5-8,118.60700225830078,119.36199951171875,117.8499984741211,118.98049926757812,118.98049926757812,64132000,,
2020-5-11,118.73500061035156,120.9834976196289,118.60549926757812,120.44999694824219,120.44999694824219,65184000,,
2020-5-12,120.59249877929688,120.94999694824219,117.75,117.84750366210938,117.84750366210938,61498000,,
2020-5-13,118.33999633789062,120.38500213623047,116.88999938964844,118.39600372314453,118.39600372314453,95658000,,
2020-5-14,118.05049896240234,119.56849670410156,117.6604995727539,119.44249725341797,119.44249725341797,72962000,,
2020-5-15,118.4260025024414,120.55000305175781,117.81849670410156,120.48899841308594,120.48899841308594,84700000,,
2020-5-18,120.21749877929688,121.6500015258789,119.20050048828125,121.31300354003906,121.31300354003906,87144000,,
2020-5-19,121.49150085449219,124.25,121.44850158691406,122.46649932861328,122.46649932861328,86410000,,
2020-5-20,123.89350128173828,125.00050354003906,123.3635025024414,124.89700317382812,124.89700317382812,79962000,,
2020-5-21,125,126.27249908447266,122.12699890136719,122.33699798583984,122.33699798583984,102288000,,
2020-5-22,122.75050354003906,123.49250030517578,121.50650024414062,121.84400177001953,121.84400177001953,57342000,,
2020-5-26,122.9000015258789,123.0999984741211,120.7030029296875,121.09300231933594,121.09300231933594,71364000,,
2020-5-27,120.24949645996094,120.67900085449219,116.5,120.51950073242188,120.51950073242188,101138000,,
2020-5-28,119.21649932861328,121.84850311279297,118.9114990234375,120.05500030517578,120.05500030517578,63804000,,
2020-5-29,120.7969970703125,122.11849975585938,119.91000366210938,122.11849975585938,122.11849975585938,70198000,,
2020-6-1,122.4000015258789,123.84649658203125,122.20850372314453,123.552001953125,123.552001953125,58578000,,
2020-6-2,123.3499984741211,123.67649841308594,122.2655029296875,123.62049865722656,123.62049865722656,50598000,,
2020-6-3,123.40049743652344,124.4000015258789,123.05850219726562,123.91999816894531,123.91999816894531,53420000,,
2020-6-4,123.87149810791016,125.37699890136719,122.50050354003906,123.02999877929688,123.02999877929688,58974000,,
2020-6-5,122.22550201416016,124.43250274658203,121.85649871826172,124.1500015258789,124.1500015258789,66128000,,
2020-6-8,125.01000213623047,126.5,124.36699676513672,126.2030029296875,126.2030029296875,79414000,,
2020-6-9,126.47200012207031,131.32150268554688,126.25,130.04299926757812,130.04299926757812,103520000,,
2020-6-10,132.25,136.11749267578125,131.31300354003906,132.37249755859375,132.37249755859375,98920000,,
2020-6-11,130.1750030517578,133.56900024414062,126.8115005493164,127.89800262451172,127.89800262451172,116002000,,
2020-6-12,130.0605010986328,131.07400512695312,125.1675033569336,127.2509994506836,127.2509994506836,108722000,,
2020-6-15,126.33000183105469,129.1999969482422,125.4000015258789,128.63400268554688,128.63400268554688,77302000,,
2020-6-16,131,131,128.8000030517578,130.7635040283203,130.7635040283203,71712000,,
2020-6-17,132.375,132.75,131.59100341796875,132.0489959716797,132.0489959716797,59186000,,
2020-6-18,132.35049438476562,132.98199462890625,131.8054962158203,132.69900512695312,132.69900512695312,49756000,,
2020-6-19,133.9040069580078,134.8715057373047,132.9499969482422,133.75050354003906,133.75050354003906,115540000,,
2020-6-22,134.22500610351562,135.75,133.4499969482422,135.6909942626953,135.6909942626953,64176000,,
2020-6-23,136.30099487304688,139.15550231933594,135.90199279785156,138.2205047607422,138.2205047607422,84634000,,
2020-6-24,139,139.8000030517578,136.0500030517578,136.72000122070312,136.72000122070312,90532000,,
2020-6-25,136.9774932861328,137.81149291992188,135.60699462890625,137.72900390625,137.72900390625,59374000,,
2020-6-26,138.7530059814453,139.1284942626953,134.39999389648438,134.64349365234375,134.64349365234375,130016000,,
2020-6-29,134.50050354003906,134.83999633789062,131.50399780273438,134.0189971923828,134.0189971923828,84468000,,
2020-6-30,134.2534942626953,138.48150634765625,133.75149536132812,137.9409942626953,137.9409942626953,75394000,,
2020-7-1,137.89950561523438,144.75,137.6999969482422,143.93499755859375,143.93499755859375,127268000,,
2020-7-2,145.60049438476562,147.7779998779297,143.55499267578125,144.51499938964844,144.51499938964844,131868000,,
2020-7-6,146.74850463867188,152.99400329589844,146.5,152.8520050048828,152.8520050048828,137612000,,
2020-7-7,152.92750549316406,153.4774932861328,149.5,150.00599670410156,150.00599670410156,105150000,,
2020-7-8,151.1304931640625,154.19850158691406,150.6215057373047,154.0554962158203,154.0554962158203,100752000,,
2020-7-9,155.79949951171875,159.69400024414062,153.6999969482422,159.13150024414062,159.13150024414062,127774000,,
2020-7-10,159.58799743652344,160.75,156.78500366210938,160,160,109720000,,
2020-7-13,162.55299377441406,167.21449279785156,153.41949462890625,155.1999969482422,155.1999969482422,154408000,,
2020-7-14,154.4499969482422,156.36900329589844,147.5,154.1999969482422,154.1999969482422,144638000,,
2020-7-15,154.01150512695312,154.91749572753906,148.65899658203125,150.44349670410156,150.44349670410156,115778000,,
2020-7-16,148.55299377441406,151.60000610351562,145.9114990234375,149.9949951171875,149.9949951171875,127884000,,
2020-7-17,150.4499969482422,151.1999969482422,147.42250061035156,148.09849548339844,148.09849548339844,95226000,,
2020-7-20,150.00999450683594,160.0679931640625,149.7010040283203,159.8419952392578,159.8419952392578,151964000,,
2020-7-21,161.62449645996094,162.0290069580078,155.28599548339844,156.9145050048828,156.9145050048828,122426000,,
2020-7-22,156.25,157.5,153.26300048828125,154.99549865722656,154.99549865722656,82084000,,
2020-7-23,154.9134979248047,154.9134979248047,148.5,149.32749938964844,149.32749938964844,113138000,,
2020-7-24,146.5,151.57899475097656,144.39999389648438,150.44549560546875,150.44549560546875,112648000,,
2020-7-27,153.10000610351562,154.89999389648438,150.7884979248047,152.760498046875,152.760498046875,83410000,,
2020-7-28,152.7135009765625,153.85450744628906,149.78799438476562,150.01649475097656,150.01649475097656,62534000,,
2020-7-29,151.54949951171875,151.95799255371094,149.8385009765625,151.67649841308594,151.67649841308594,59482000,,
2020-7-30,150.6999969482422,154.60000610351562,150.25,152.593994140625,152.593994140625,122566000,,
2020-7-31,162.1999969482422,162.34100341796875,157.5500030517578,158.23399353027344,158.23399353027344,161710000,,
2020-8-3,159.02549743652344,159.1999969482422,155.1999969482422,155.59449768066406,155.59449768066406,101494000,,
2020-8-4,155.0605010986328,158.36199951171875,155.0605010986328,156.94149780273438,156.94149780273438,93886000,,
2020-8-5,157.18850708007812,160.67950439453125,156.36500549316406,160.25149536132812,160.25149536132812,78330000,,
2020-8-6,159.71800231933594,162.37350463867188,158.27149963378906,161.25,161.25,78812000,,
2020-8-7,161.20050048828125,162.04049682617188,157.0334930419922,158.3730010986328,158.3730010986328,78722000,,
2020-8-10,158.5155029296875,158.62550354003906,155.0760040283203,157.4080047607422,157.4080047607422,63346000,,
2020-8-11,155.66000366210938,157.96099853515625,153.64999389648438,154.0334930419922,154.0334930419922,74362000,,
2020-8-12,155.39999389648438,158.71949768066406,155.0709991455078,158.11199951171875,158.11199951171875,70442000,,
2020-8-13,159.14950561523438,160.87600708007812,157.75,158.05099487304688,158.05099487304688,62980000,,
2020-8-14,158.90899658203125,158.91200256347656,156,157.4010009765625,157.4010009765625,55034000,,
2020-8-17,158.656005859375,159.74850463867188,157.70899963378906,159.12049865722656,159.12049865722656,53824000,,
2020-8-18,160.60000610351562,166,160.29100036621094,165.62449645996094,165.62449645996094,106920000,,
2020-8-19,165.15049743652344,165.7949981689453,162.8000030517578,163.0240020751953,163.0240020751953,83702000,,
2020-8-20,162.60000610351562,165.63099670410156,161.89999389648438,164.86849975585938,164.86849975585938,66650000,,
2020-8-21,164.75,165.72000122070312,163.76950073242188,164.23599243164062,164.23599243164062,71518000,,
2020-8-24,165.50750732421875,169.01600646972656,162.8780059814453,165.3730010986328,165.3730010986328,93326000,,
2020-8-25,164.74949645996094,167.8699951171875,163.35000610351562,167.32449340820312,167.32449340820312,79856000,,
2020-8-26,167.5554962158203,172.58700561523438,167.22850036621094,172.09249877929688,172.09249877929688,130174000,,
2020-8-27,172.50250244140625,172.64999389648438,168.89999389648438,170,170,85296000,,
2020-8-28,171.14999389648438,171.6685028076172,169.3249969482422,170.08999633789062,170.08999633789062,57940000,,
2020-8-31,170.44949340820312,174.75,170.25,172.54800415039062,172.54800415039062,83718000,,
2020-9-1,174.47900390625,175.69349670410156,173.35000610351562,174.95599365234375,174.95599365234375,68644000,,
2020-9-2,177.35000610351562,177.6125030517578,174.33450317382812,176.57249450683594,176.57249450683594,78630000,,
2020-9-3,174.25,174.42050170898438,165.14999389648438,168.39999389648438,168.39999389648438,163222000,,
2020-9-4,165.89999389648438,169.0749969482422,155.55650329589844,164.7310028076172,164.7310028076172,175636000,,
2020-9-8,157.1999969482422,162.54249572753906,156.5,157.49200439453125,157.49200439453125,121884000,,
2020-9-9,160.14950561523438,165.15899658203125,159.25,163.4304962158203,163.4304962158203,103774000,,
2020-9-10,165.36099243164062,167.4945068359375,158.52749633789062,158.7554931640625,158.7554931640625,106614000,,
2020-9-11,160.4344940185547,160.86700439453125,154.19900512695312,155.81100463867188,155.81100463867188,101880000,,
2020-9-14,158.64700317382812,159.3695068359375,154.8000030517578,155.14849853515625,155.14849853515625,90592000,,
2020-9-15,156.80799865722656,158.75100708007812,155.4459991455078,157.80650329589844,157.80650329589844,80430000,,
2020-9-16,158.99949645996094,159.36199951171875,153.70750427246094,153.90499877929688,153.90499877929688,90244000,,
2020-9-17,150.46249389648438,151.47149658203125,148.62750244140625,150.43649291992188,150.43649291992188,128982000,,
2020-9-18,151.58700561523438,151.88999938964844,145.27699279785156,147.74549865722656,147.74549865722656,177852000,,
2020-9-21,145.3249969482422,148.10000610351562,143.5500030517578,148.02349853515625,148.02349853515625,122358000,,
2020-9-22,151.69200134277344,156.69949340820312,150.00999450683594,156.44949340820312,156.44949340820312,138976000,,
2020-9-23,156.02149963378906,156.35000610351562,149.61900329589844,149.9929962158203,149.9929962158203,113054000,,
2020-9-24,148.88949584960938,153.46499633789062,148.25,150.989501953125,150.989501953125,110588000,,
2020-9-25,152.7429962158203,155.07699584960938,149.9499969482422,154.75650024414062,154.75650024414062,92304000,,
2020-9-28,157.4425048828125,158.7519989013672,155.85850524902344,158.70249938964844,158.70249938964844,84484000,,
2020-9-29,158.76950073242188,159.41299438476562,156.6269989013672,157.24400329589844,157.24400329589844,69916000,,
2020-9-30,157.0570068359375,160.6439971923828,156.69949340820312,157.43649291992188,157.43649291992188,97922000,,
2020-10-1,160.39999389648438,161.1999969482422,158.60000610351562,161.06300354003906,161.06300354003906,99438000,,
2020-10-2,157.68150329589844,159.7899932861328,156.14999389648438,156.25,156.25,112262000,,
2020-10-5,157.29200744628906,160.12649536132812,157.04249572753906,159.9600067138672,159.9600067138672,75506000,,
2020-10-6,158.25,159.10000610351562,154.5,154.9980010986328,154.9980010986328,101738000,,
2020-10-7,156.75,160,156.6195068359375,159.7845001220703,159.7845001220703,86188000,,
2020-10-8,161.24949645996094,161.6645050048828,158.74949645996094,159.52749633789062,159.52749633789062,63482000,,
2020-10-9,160.5,164.44949340820312,159.89149475097656,164.33250427246094,164.33250427246094,98158000,,
2020-10-12,167.4969940185547,174.81199645996094,166.9774932861328,172.14649963378906,172.14649963378906,167284000,,
2020-10-13,173.39950561523438,174.61900329589844,171.21099853515625,172.18150329589844,172.18150329589844,114894000,,
2020-10-14,172.35000610351562,173.24400329589844,167,168.1855010986328,168.1855010986328,116254000,,
2020-10-15,164.60049438476562,167.79400634765625,164,166.9324951171875,166.9324951171875,104468000,,
2020-10-16,168.1614990234375,169.98300170898438,158,163.635498046875,163.635498046875,129488000,,
2020-10-19,164.98049926757812,166.4499969482422,159.63699340820312,160.36050415039062,160.36050415039062,104472000,,
2020-10-20,161.11399841308594,163.3000030517578,159.60049438476562,160.85049438476562,160.85049438476562,90194000,,
2020-10-21,160.625,161.69400024414062,158,159.2469940185547,159.2469940185547,91854000,,
2020-10-22,159.49349975585938,159.9375,156.0970001220703,158.82000732421875,158.82000732421875,84240000,,
2020-10-23,159.5500030517578,160.26649475097656,157,160.22000122070312,160.22000122070312,69334000,,
2020-10-26,159.93699645996094,164.1490020751953,157.6649932861328,160.3520050048828,160.3520050048828,118024000,,
2020-10-27,161.2469940185547,164.58299255371094,160.56500244140625,164.31649780273438,164.31649780273438,85820000,,
2020-10-28,162.46499633789062,163.2010040283203,158.12350463867188,158.13900756835938,158.13900756835938,111766000,,
2020-10-29,160.06350708007812,162.8625030517578,158.1999969482422,160.55050659179688,160.55050659179688,131930000,,
2020-10-30,157.8874969482422,158.35000610351562,150.9499969482422,151.8074951171875,151.8074951171875,167728000,,
2020-11-2,153.08700561523438,153.98550415039062,147.50599670410156,150.2239990234375,150.2239990234375,145148000,,
2020-11-3,150.92649841308594,153.7449951171875,149.0489959716797,152.42050170898438,152.42050170898438,97958000,,
2020-11-4,157.99949645996094,162.24249267578125,156.9864959716797,162.05799865722656,162.05799865722656,136780000,,
2020-11-5,165.99850463867188,168.33999633789062,164.44400024414062,166.10000610351562,166.10000610351562,115786000,,
2020-11-6,165.23199462890625,166.10000610351562,161.60000610351562,165.56849670410156,165.56849670410156,92946000,,
2020-11-9,161.55149841308594,164.4499969482422,155.60549926757812,157.18699645996094,157.18699645996094,143808000,,
2020-11-10,154.75100708007812,155.6999969482422,150.9739990234375,151.75100708007812,151.75100708007812,131820000,,
2020-11-11,153.08900451660156,156.95750427246094,152.5,156.8695068359375,156.8695068359375,87338000,,
2020-11-12,157.99749755859375,158.79400634765625,154.30250549316406,155.51400756835938,155.51400756835938,87240000,,
2020-11-13,156.10000610351562,157.08599853515625,154.26950073242188,156.4405059814453,156.4405059814453,75124000,,
2020-11-16,154.66000366210938,157.13499450683594,153.63450622558594,156.55299377441406,156.55299377441406,76174000,,
2020-11-17,159.177001953125,159.46249389648438,156.76300048828125,156.7830047607422,156.7830047607422,68894000,,
2020-11-18,156.6999969482422,157,155.2550048828125,155.2729949951172,155.2729949951172,58336000,,
2020-11-19,155.2655029296875,156.25,154.04600524902344,155.8509979248047,155.8509979248047,60206000,,
2020-11-20,155.8509979248047,156.64450073242188,154.90249633789062,154.97000122070312,154.97000122070312,67488000,,
2020-11-23,155.8350067138672,156.9875030517578,153.2729949951172,154.91949462890625,154.91949462890625,94178000,,
2020-11-24,155.02499389648438,156.71249389648438,154.31300354003906,155.9029998779297,155.9029998779297,72042000,,
2020-11-25,157.093505859375,159.89999389648438,157.01300048828125,159.2534942626953,159.2534942626953,75808000,,
2020-11-27,160.56300354003906,160.8094940185547,159.50250244140625,159.76699829101562,159.76699829101562,47858000,,
2020-11-30,160.4239959716797,161.41949462890625,156.27749633789062,158.40199279785156,158.40199279785156,81278000,,
2020-12-1,159.4250030517578,162.44749450683594,157.85899353027344,161.00399780273438,161.00399780273438,90740000,,
2020-12-2,161.08250427246094,161.60000610351562,158.66299438476562,160.17649841308594,160.17649841308594,62586000,,
2020-12-3,160.2729949951172,161.4320068359375,159.0655059814453,159.3365020751953,159.3365020751953,57840000,,
2020-12-4,159.91050720214844,159.91050720214844,157.93800354003906,158.12899780273438,158.12899780273438,58272000,,
2020-12-7,157.82400512695312,159.03799438476562,157.08450317382812,157.89999389648438,157.89999389648438,55026000,,
2020-12-8,157.94500732421875,159.2064971923828,156.00100708007812,158.864501953125,158.864501953125,65726000,,
2020-12-9,158.39450073242188,158.72149658203125,154.39999389648438,155.2100067138672,155.2100067138672,82016000,,
2020-12-10,154.44949340820312,157.10499572753906,153.8000030517578,155.07449340820312,155.07449340820312,60604000,,
2020-12-11,154.83299255371094,155.93350219726562,153.64100646972656,155.8209991455078,155.8209991455078,61294000,,
2020-12-14,157.14999389648438,159.52349853515625,156.3000030517578,157.84849548339844,157.84849548339844,83116000,,
2020-12-15,159.05050659179688,159.4250030517578,156.52450561523438,158.25599670410156,158.25599670410156,66390000,,
2020-12-16,158.80050659179688,162.35000610351562,158.1840057373047,162.04800415039062,162.04800415039062,88552000,,
2020-12-17,162.5,163.17550659179688,161.0500030517578,161.8040008544922,161.8040008544922,69486000,,
2020-12-18,162.19949340820312,162.4709930419922,158.5800018310547,160.08250427246094,160.08250427246094,119914000,,
2020-12-21,160.00050354003906,161.34849548339844,158.3000030517578,160.3090057373047,160.3090057373047,76736000,,
2020-12-22,160.14199829101562,161.10000610351562,159.00399780273438,160.3260040283203,160.3260040283203,47388000,,
2020-12-23,160.25,160.50650024414062,159.20849609375,159.2635040283203,159.2635040283203,41876000,,
2020-12-24,159.69500732421875,160.10000610351562,158.4499969482422,158.63450622558594,158.63450622558594,29038000,,
2020-12-28,159.6999969482422,165.1999969482422,158.63450622558594,164.197998046875,164.197998046875,113736000,,
2020-12-29,165.4969940185547,167.53250122070312,164.06100463867188,166.10000610351562,166.10000610351562,97458000,,
2020-12-30,167.0500030517578,167.10499572753906,164.12350463867188,164.29249572753906,164.29249572753906,64186000,,
2020-12-31,163.75,164.14599609375,162.05999755859375,162.84649658203125,162.84649658203125,59144000,,